cluster,n_patients,percentage
0,70631,81.6533912902741
1,10583,12.234540641148657
2,5287,6.112068068577242
