cluster,n_patients,n_readmitted,n_not_readmitted,readmission_rate,readmission_pct
0,70631,32461,38170,0.4595857343092976,45.95857343092976
1,10583,4989,5594,0.47141642256449023,47.141642256449025
2,5287,2417,2870,0.45715906941554757,45.715906941554756
